,name,url
0,"2-комн. квартира, 45,9 м², 1/2 этаж",https://kemerovo.cian.ru/sale/flat/309364361/
1,"2-комн. квартира, 43,4 м², 1/5 этаж",https://kemerovo.cian.ru/sale/flat/305564238/
2,просторная 4к с большой прихожей,https://kemerovo.cian.ru/sale/flat/300926183/
3,"1-комн. квартира, 26 м², 3/3 этаж",https://kemerovo.cian.ru/sale/flat/314127343/
4,2-к. квартира у Школы 71,https://kemerovo.cian.ru/sale/flat/310728535/
5,2комнатна квартира,https://kemerovo.cian.ru/sale/flat/314796114/
6,"2-х комн кв Прокопьевск,Гайдара,9",https://kemerovo.cian.ru/sale/flat/313488262/
7,"2-комн. квартира, 52,3 м², 4/5 этаж",https://kemerovo.cian.ru/sale/flat/312078619/
8,"2-комн. квартира, 50,1 м², 6/9 этаж",https://kemerovo.cian.ru/sale/flat/314385757/
9,Продаётся 4х комнатная квартира,https://kemerovo.cian.ru/sale/flat/314363378/
10,"Продается 5-комн. квартира, 101,1",https://kemerovo.cian.ru/sale/flat/312310702/
11,"3-комн. квартира, 71,9 м², 1/2 этаж",https://kemerovo.cian.ru/sale/flat/313817064/
12,"3-комн. квартира, 57 м², 1/5 этаж",https://kemerovo.cian.ru/sale/flat/313690482/
13,"3-комн. квартира, 65,8 м², 4/5 этаж",https://kemerovo.cian.ru/sale/flat/313622776/
14,"3-комн. квартира, 65 м², 5/9 этаж",https://kemerovo.cian.ru/sale/flat/307520229/
15,"Студия, 38,8 м², 1/2 этаж",https://kemerovo.cian.ru/sale/flat/309059724/
16,"1-комн. квартира, 30 м², 3/3 этаж",https://kemerovo.cian.ru/sale/flat/299680867/
17,"3-комн. квартира, 52,1 м², 1/2 этаж",https://kemerovo.cian.ru/sale/flat/311415711/
18,"1-комн. квартира, 30,5 м², 2/2 этаж",https://kemerovo.cian.ru/sale/flat/312501290/
19,"2-комн. квартира, 44,1 м², 1/4 этаж",https://kemerovo.cian.ru/sale/flat/303051213/
20,"1-комн. квартира, 20,5 м², 5/5 этаж",https://kemerovo.cian.ru/sale/flat/313605412/
21,"2-комн. квартира, 43,4 м², 1/5 этаж",https://kemerovo.cian.ru/sale/flat/307666488/
22,"2-комн. квартира, 59 м², 1/2 этаж",https://kemerovo.cian.ru/sale/flat/306183972/
23,"1-комн. квартира, 27 м², 2/3 этаж",https://kemerovo.cian.ru/sale/flat/310812341/
24,"2-комн. квартира, 58,6 м², 2/3 этаж",https://kemerovo.cian.ru/sale/flat/313974571/
25,"2-комн. квартира, 23,8 м², 1/5 этаж",https://kemerovo.cian.ru/sale/flat/308217786/
26,"3-комн. квартира, 71 м², 2/2 этаж",https://kemerovo.cian.ru/sale/flat/300809132/
27,"1-комн. квартира, 33 м², 8/11 этаж",https://kemerovo.cian.ru/sale/flat/312400242/
28,"2-комн. квартира, 43,8 м², 3/5 этаж",https://kemerovo.cian.ru/sale/flat/306761545/
29,"2-комн. квартира, 44,1 м², 1/4 этаж",https://kemerovo.cian.ru/sale/flat/303051213/
30,"3-комн. квартира, 75,1 м², 2/2 этаж",https://kemerovo.cian.ru/sale/flat/300546091/
31,"2-комн. квартира, 47 м², 5/5 этаж",https://kemerovo.cian.ru/sale/flat/304940998/
32,"1-комн. квартира, 20,5 м², 5/5 этаж",https://kemerovo.cian.ru/sale/flat/313605412/
33,"3-комн. квартира, 71 м², 2/2 этаж",https://kemerovo.cian.ru/sale/flat/300809132/
34,"4-комн. квартира, 80,6 м², 4/5 этаж",https://kemerovo.cian.ru/sale/flat/298450289/
35,"2-комн. квартира, 43,4 м², 1/5 этаж",https://kemerovo.cian.ru/sale/flat/307666488/
36,"2-комн. квартира, 49,9 м², 9/9 этаж",https://kemerovo.cian.ru/sale/flat/301048419/
37,"2-комн. квартира, 44 м², 2/4 этаж",https://kemerovo.cian.ru/sale/flat/313452282/
38,"2-комн. квартира, 59 м², 1/2 этаж",https://kemerovo.cian.ru/sale/flat/306183972/
39,"4-комн. квартира, 76,8 м², 6/10 этаж",https://kemerovo.cian.ru/sale/flat/301200114/
40,"2-комн. квартира, 44,8 м², 5/5 этаж",https://kemerovo.cian.ru/sale/flat/307652934/
41,"2-комн. квартира, 58,6 м², 2/3 этаж",https://kemerovo.cian.ru/sale/flat/313974571/
42,"3-комн. квартира, 65 м², 3/5 этаж",https://kemerovo.cian.ru/sale/flat/305307445/
43,"3-комн. квартира, 89,2 м², 4/9 этаж",https://kemerovo.cian.ru/sale/flat/292134430/
44,"2-комн. квартира, 23,8 м², 1/5 этаж",https://kemerovo.cian.ru/sale/flat/308217786/
45,"3-комн. квартира, 63,3 м², 8/9 этаж",https://kemerovo.cian.ru/sale/flat/314619406/
46,"2-комн. квартира, 52,2 м², 2/5 этаж",https://kemerovo.cian.ru/sale/flat/307384756/
47,"1-комн. квартира, 33 м², 8/11 этаж",https://kemerovo.cian.ru/sale/flat/312400242/
48,"2-комн. квартира, 50 м², 1/10 этаж",https://kemerovo.cian.ru/sale/flat/308047065/
49,"1-комн. квартира, 27,8 м², 1/4 этаж",https://kemerovo.cian.ru/sale/flat/314184360/
50,"2-комн. квартира, 40,7 м², 2/3 этаж",https://kemerovo.cian.ru/sale/flat/314176592/
51,"2-комн. квартира, 45,3 м², 1/5 этаж",https://kemerovo.cian.ru/sale/flat/313886847/
52,"2-комн. квартира, 45,1 м², 4/5 этаж",https://kemerovo.cian.ru/sale/flat/303240479/
53,"3-комн. квартира, 76,8 м², 2/3 этаж",https://kemerovo.cian.ru/sale/flat/314224900/
54,"1-комн. квартира, 34,3 м², 4/5 этаж",https://kemerovo.cian.ru/sale/flat/313615814/
55,"2-комн. квартира, 50 м², 3/5 этаж",https://kemerovo.cian.ru/sale/flat/305614079/
56,"2-комн. квартира, 49,8 м², 2/5 этаж",https://kemerovo.cian.ru/sale/flat/310671316/
57,"2-комн. квартира, 45,3 м², 1/5 этаж",https://kemerovo.cian.ru/sale/flat/313886847/
58,"2-комн. квартира, 44,7 м², 5/5 этаж",https://kemerovo.cian.ru/sale/flat/306195598/
59,"1-комн. квартира, 32 м², 5/5 этаж",https://kemerovo.cian.ru/sale/flat/307510567/
60,"3-комн. квартира, 71,7 м², 1/2 этаж",https://kemerovo.cian.ru/sale/flat/314133923/
61,"2-комн. квартира, 43 м², 5/5 этаж",https://kemerovo.cian.ru/sale/flat/305033935/
62,"3-комн. квартира, 75,1 м², 2/2 этаж",https://kemerovo.cian.ru/sale/flat/300546091/
63,"2-комн. квартира, 44,7 м², 2/2 этаж",https://kemerovo.cian.ru/sale/flat/313954844/
64,"3-комн. квартира, 52,3 м², 3/4 этаж",https://kemerovo.cian.ru/sale/flat/313662854/
65,"1-комн. квартира, 31 м², 3/5 этаж",https://kemerovo.cian.ru/sale/flat/307510566/
66,"2-комн. квартира, 41,4 м², 5/5 этаж",https://kemerovo.cian.ru/sale/flat/314566076/
67,"2-комн. квартира, 44 м², 2/5 этаж",https://kemerovo.cian.ru/sale/flat/308026697/
68,"2-комн. квартира, 53,4 м², 2/3 этаж",https://kemerovo.cian.ru/sale/flat/309352249/
69,"2-комн. квартира, 43,9 м², 5/5 этаж",https://kemerovo.cian.ru/sale/flat/314655310/
70,"3-комн. квартира, 60,2 м², 1/2 этаж",https://kemerovo.cian.ru/sale/flat/304541977/
71,"2-комн. квартира, 43,8 м², 3/5 этаж",https://kemerovo.cian.ru/sale/flat/306761545/
72,"3-комн. квартира, 61,9 м², 2/3 этаж",https://kemerovo.cian.ru/sale/flat/314610784/
73,"2-комн. квартира, 45,7 м², 4/5 этаж",https://kemerovo.cian.ru/sale/flat/305890490/
74,"2-комн. квартира, 41,8 м², 4/5 этаж",https://kemerovo.cian.ru/sale/flat/303502498/
75,"2-комн. квартира, 43,4 м², 4/5 этаж",https://kemerovo.cian.ru/sale/flat/314335512/
76,"2-комн. квартира, 42 м², 1/5 этаж",https://kemerovo.cian.ru/sale/flat/313715070/
77,"3-комн. квартира, 57 м², 2/4 этаж",https://kemerovo.cian.ru/sale/flat/313662838/
78,"3-комн. квартира, 71,2 м², 3/5 этаж",https://kemerovo.cian.ru/sale/flat/306812544/
79,"2-комн. квартира, 45 м², 5/5 этаж",https://kemerovo.cian.ru/sale/flat/300126317/
80,"2-комн. квартира, 43,3 м², 5/5 этаж",https://kemerovo.cian.ru/sale/flat/312642879/
81,"3-комн. квартира, 61 м², 1/5 этаж",https://kemerovo.cian.ru/sale/flat/300164198/
82,"2-комн. квартира, 49 м², 4/4 этаж",https://kemerovo.cian.ru/sale/flat/312397669/
83,"4-комн. квартира, 63 м², 2/5 этаж",https://kemerovo.cian.ru/sale/flat/310435856/
84,"2-комн. квартира, 51,4 м², 5/5 этаж",https://kemerovo.cian.ru/sale/flat/310352268/
85,"5-комн. квартира, 99,8 м², 6/10 этаж",https://kemerovo.cian.ru/sale/flat/309704115/
86,"2-комн. квартира, 43 м², 1/5 этаж",https://kemerovo.cian.ru/sale/flat/308371751/
87,"1-комн. квартира, 42 м², 2/5 этаж",https://kemerovo.cian.ru/sale/flat/313364618/
88,"4-комн. квартира, 61,1 м², 5/5 этаж",https://kemerovo.cian.ru/sale/flat/301989428/
89,"3-комн. квартира, 63,2 м², 3/5 этаж",https://kemerovo.cian.ru/sale/flat/309585223/
90,"4-комн. квартира, 60,8 м², 5/5 этаж",https://kemerovo.cian.ru/sale/flat/307384151/
91,"3-комн. квартира, 58,8 м², 5/5 этаж",https://kemerovo.cian.ru/sale/flat/307384972/
92,"2-комн. квартира, 53,7 м², 4/10 этаж",https://kemerovo.cian.ru/sale/flat/310483848/
93,"1-комн. квартира, 37,3 м², 7/9 этаж",https://kemerovo.cian.ru/sale/flat/301147534/
94,"2-комн. квартира, 45 м², 3/5 этаж",https://kemerovo.cian.ru/sale/flat/313844374/
95,"2-комн. квартира, 41,5 м², 1/5 этаж",https://kemerovo.cian.ru/sale/flat/297449818/
96,"3-комн. квартира, 58,1 м², 1/5 этаж",https://kemerovo.cian.ru/sale/flat/294241423/
97,"2-комн. квартира, 43,3 м², 5/5 этаж",https://kemerovo.cian.ru/sale/flat/299869931/
98,"1-комн. квартира, 38,6 м², 1/3 этаж",https://kemerovo.cian.ru/sale/flat/310248896/
99,"3-комн. квартира, 65,8 м², 1/5 этаж",https://kemerovo.cian.ru/sale/flat/311120923/
100,"2-комн. квартира, 40,7 м², 2/3 этаж",https://kemerovo.cian.ru/sale/flat/314176592/
101,"3-комн. квартира, 52,1 м², 1/2 этаж",https://kemerovo.cian.ru/sale/flat/311415711/
102,"2-комн. квартира, 41,5 м², 3/4 этаж",https://kemerovo.cian.ru/sale/flat/314752354/
103,"2-комн. квартира, 59,1 м², 3/3 этаж",https://kemerovo.cian.ru/sale/flat/308917351/
104,"3-комн. квартира, 64 м², 4/5 этаж",https://kemerovo.cian.ru/sale/flat/312616402/
105,"Студия, 38,8 м², 1/2 этаж",https://kemerovo.cian.ru/sale/flat/309059724/
106,"1-комн. квартира, 30 м², 5/5 этаж",https://kemerovo.cian.ru/sale/flat/310193773/
107,"2-комн. квартира, 52,2 м², 5/5 этаж",https://kemerovo.cian.ru/sale/flat/309602694/
108,"3-комн. квартира, 57,6 м², 4/4 этаж",https://kemerovo.cian.ru/sale/flat/302470481/
109,"2-комн. квартира, 53,4 м², 2/3 этаж",https://kemerovo.cian.ru/sale/flat/309352249/
110,"1-комн. квартира, 30 м², 3/5 этаж",https://kemerovo.cian.ru/sale/flat/307342611/
111,"2-комн. квартира, 37,6 м², 3/5 этаж",https://kemerovo.cian.ru/sale/flat/310548806/
112,"2-комн. квартира, 58,6 м², 2/3 этаж",https://kemerovo.cian.ru/sale/flat/313974571/
113,"2-комн. квартира, 58,4 м², 2/5 этаж",https://kemerovo.cian.ru/sale/flat/314777361/
114,"3-комн. квартира, 60,4 м², 4/5 этаж",https://kemerovo.cian.ru/sale/flat/314335504/
115,"2-комн. квартира, 50 м², 7/9 этаж",https://kemerovo.cian.ru/sale/flat/301395969/
116,"1-комн. квартира, 30 м², 5/5 этаж",https://kemerovo.cian.ru/sale/flat/300237882/
117,"1-комн. квартира, 29,2 м², 3/3 этаж",https://kemerovo.cian.ru/sale/flat/312207650/
118,"2-комн. квартира, 52 м², 5/5 этаж",https://kemerovo.cian.ru/sale/flat/314079528/
119,"3-комн. квартира, 59,4 м², 2/3 этаж",https://kemerovo.cian.ru/sale/flat/310077444/
120,"2-комн. квартира, 43,3 м², 5/5 этаж",https://kemerovo.cian.ru/sale/flat/312642879/
121,"2-комн. квартира, 57,8 м², 3/5 этаж",https://kemerovo.cian.ru/sale/flat/310789978/
122,"2-комн. квартира, 44,9 м², 4/5 этаж",https://kemerovo.cian.ru/sale/flat/307470752/
123,"2-комн. квартира, 52 м², 3/9 этаж",https://kemerovo.cian.ru/sale/flat/309202555/
124,"3-комн. квартира, 54,7 м², 1/3 этаж",https://kemerovo.cian.ru/sale/flat/304462131/
125,"3-комн. квартира, 61 м², 4/5 этаж",https://kemerovo.cian.ru/sale/flat/299511841/
126,"3-комн. квартира, 76,8 м², 2/3 этаж",https://kemerovo.cian.ru/sale/flat/314224900/
127,"2-комн. квартира, 50 м², 1/5 этаж",https://kemerovo.cian.ru/sale/flat/310396384/
128,"2-комн. квартира, 43,1 м², 4/4 этаж",https://kemerovo.cian.ru/sale/flat/305748555/
129,"Своб. планировка, 60,6 м², 1/1 этаж",https://kemerovo.cian.ru/sale/flat/314510437/
130,"2-комн. квартира, 49 м², 1/5 этаж",https://kemerovo.cian.ru/sale/flat/310396623/
131,"3-комн. квартира, 61,6 м², 1/5 этаж",https://kemerovo.cian.ru/sale/flat/310047095/
132,"2-комн. квартира, 43 м², 1/5 этаж",https://kemerovo.cian.ru/sale/flat/300042163/
133,"2-комн. квартира, 52 м², 9/9 этаж",https://kemerovo.cian.ru/sale/flat/306486552/
134,"4-комн. квартира, 77 м², 7/10 этаж",https://kemerovo.cian.ru/sale/flat/307706801/
135,"2-комн. квартира, 40 м², 1/2 этаж",https://kemerovo.cian.ru/sale/flat/312258930/
136,"3-комн. квартира, 73 м², 3/3 этаж",https://kemerovo.cian.ru/sale/flat/309642598/
137,"2-комн. квартира, 47,7 м², 8/9 этаж",https://kemerovo.cian.ru/sale/flat/312526928/
138,"2-комн. квартира, 52,4 м², 3/5 этаж",https://kemerovo.cian.ru/sale/flat/302196150/
139,"3-комн. квартира, 71,7 м², 1/2 этаж",https://kemerovo.cian.ru/sale/flat/314133923/
140,"3-комн. квартира, 60,5 м², 2/5 этаж",https://kemerovo.cian.ru/sale/flat/305058842/
141,"2-комн. квартира, 52,4 м², 3/5 этаж",https://kemerovo.cian.ru/sale/flat/314610780/
142,"2-комн. квартира, 23,8 м², 1/5 этаж",https://kemerovo.cian.ru/sale/flat/308217786/
143,"1-комн. квартира, 32,5 м², 4/4 этаж",https://kemerovo.cian.ru/sale/flat/310681814/
144,"3-комн. квартира, 89 м², 3/5 этаж",https://kemerovo.cian.ru/sale/flat/313580087/
145,"2-комн. квартира, 47,7 м², 3/5 этаж",https://kemerovo.cian.ru/sale/flat/294284859/
146,"3-комн. квартира, 60,3 м², 4/5 этаж",https://kemerovo.cian.ru/sale/flat/304605954/
147,"3-комн. квартира, 58 м², 2/5 этаж",https://kemerovo.cian.ru/sale/flat/311259471/
148,"1-комн. квартира, 30 м², 1/3 этаж",https://kemerovo.cian.ru/sale/flat/314051777/
149,"1-комн. квартира, 36,4 м², 9/9 этаж",https://kemerovo.cian.ru/sale/flat/308670513/
150,"2-комн. квартира, 44,4 м², 4/5 этаж",https://kemerovo.cian.ru/sale/flat/311259474/
151,"1-комн. квартира, 31 м², 4/4 этаж",https://kemerovo.cian.ru/sale/flat/312592699/
152,"3-комн. квартира, 81 м², 3/5 этаж",https://kemerovo.cian.ru/sale/flat/311218324/
153,"3-комн. квартира, 64 м², 2/10 этаж",https://kemerovo.cian.ru/sale/flat/292648788/
154,"3-комн. квартира, 64 м², 9/9 этаж",https://kemerovo.cian.ru/sale/flat/314610774/
155,"3-комн. квартира, 55,1 м², 4/5 этаж",https://kemerovo.cian.ru/sale/flat/307693049/
156,"2-комн. квартира, 45,7 м², 4/5 этаж",https://kemerovo.cian.ru/sale/flat/305890490/
157,"2-комн. квартира, 41,9 м², 2/5 этаж",https://kemerovo.cian.ru/sale/flat/297929027/
158,"1-комн. квартира, 32,2 м², 4/5 этаж",https://kemerovo.cian.ru/sale/flat/302056966/
159,"2-комн. квартира, 44 м², 2/4 этаж",https://kemerovo.cian.ru/sale/flat/314051837/
160,"2-комн. квартира, 44 м², 2/5 этаж",https://kemerovo.cian.ru/sale/flat/308026697/
161,"2-комн. квартира, 44,4 м², 3/5 этаж",https://kemerovo.cian.ru/sale/flat/308069949/
162,"2-комн. квартира, 49,9 м², 4/5 этаж",https://kemerovo.cian.ru/sale/flat/312060199/
163,"3-комн. квартира, 64,5 м², 3/5 этаж",https://kemerovo.cian.ru/sale/flat/311119821/
164,"4-комн. квартира, 60 м², 1/5 этаж",https://kemerovo.cian.ru/sale/flat/300836622/
165,"3-комн. квартира, 57 м², 2/4 этаж",https://kemerovo.cian.ru/sale/flat/313662838/
166,"1-комн. квартира, 30 м², 4/5 этаж",https://kemerovo.cian.ru/sale/flat/311111794/
167,"2-комн. квартира, 45 м², 5/5 этаж",https://kemerovo.cian.ru/sale/flat/311362056/
168,"4-комн. квартира, 63 м², 2/5 этаж",https://kemerovo.cian.ru/sale/flat/310435856/
169,"2-комн. квартира, 46,9 м², 3/5 этаж",https://kemerovo.cian.ru/sale/flat/306189087/
170,"2-комн. квартира, 47,7 м², 8/9 этаж",https://kemerovo.cian.ru/sale/flat/312526928/
171,"2-комн. квартира, 43,5 м², 5/5 этаж",https://kemerovo.cian.ru/sale/flat/291934391/
172,"2-комн. квартира, 50 м², 2/3 этаж",https://kemerovo.cian.ru/sale/flat/313451037/
173,"3-комн. квартира, 60,5 м², 2/5 этаж",https://kemerovo.cian.ru/sale/flat/305058842/
174,"2-комн. квартира, 45 м², 5/5 этаж",https://kemerovo.cian.ru/sale/flat/313662850/
175,"2-комн. квартира, 49,9 м², 4/5 этаж",https://kemerovo.cian.ru/sale/flat/312060199/
176,"2-комн. квартира, 50 м², 1/5 этаж",https://kemerovo.cian.ru/sale/flat/310396384/
177,"2-комн. квартира, 46,7 м², 3/5 этаж",https://kemerovo.cian.ru/sale/flat/313974569/
178,"3-комн. квартира, 56 м², 2/3 этаж",https://kemerovo.cian.ru/sale/flat/310950319/
179,"Своб. планировка, 60,6 м², 1/1 этаж",https://kemerovo.cian.ru/sale/flat/314510437/
180,"3-комн. квартира, 58 м², 2/5 этаж",https://kemerovo.cian.ru/sale/flat/311259471/
181,"2-комн. квартира, 51,6 м², 1/5 этаж",https://kemerovo.cian.ru/sale/flat/310796312/
182,"2-комн. квартира, 49 м², 1/5 этаж",https://kemerovo.cian.ru/sale/flat/310396623/
183,"4-комн. квартира, 60 м², 1/5 этаж",https://kemerovo.cian.ru/sale/flat/310950318/
184,"2-комн. квартира, 50 м², 1/5 этаж",https://kemerovo.cian.ru/sale/flat/312435524/
185,"2-комн. квартира, 43 м², 1/5 этаж",https://kemerovo.cian.ru/sale/flat/300042163/
186,"2-комн. квартира, 51 м², 1/5 этаж",https://kemerovo.cian.ru/sale/flat/314120246/
187,"2-комн. квартира, 53 м², 4/5 этаж",https://kemerovo.cian.ru/sale/flat/303553465/
188,"1-комн. квартира, 32,5 м², 4/4 этаж",https://kemerovo.cian.ru/sale/flat/310681814/
189,"3-комн. квартира, 60,3 м², 3/5 этаж",https://kemerovo.cian.ru/sale/flat/307278751/
190,"2-комн. квартира, 43,2 м², 2/5 этаж",https://kemerovo.cian.ru/sale/flat/308314949/
191,"2-комн. квартира, 52 м², 9/9 этаж",https://kemerovo.cian.ru/sale/flat/306486552/
192,"3-комн. квартира, 58,7 м², 5/5 этаж",https://kemerovo.cian.ru/sale/flat/312592706/
193,"2-комн. квартира, 52,4 м², 3/5 этаж",https://kemerovo.cian.ru/sale/flat/314610780/
194,"3-комн. квартира, 60,3 м², 4/5 этаж",https://kemerovo.cian.ru/sale/flat/304605954/
195,"3-комн. квартира, 76,6 м², 5/5 этаж",https://kemerovo.cian.ru/sale/flat/292734118/
196,"4-комн. квартира, 61,9 м², 2/5 этаж",https://kemerovo.cian.ru/sale/flat/314051846/
197,"2-комн. квартира, 44 м², 1/5 этаж",https://kemerovo.cian.ru/sale/flat/313212000/
198,"2-комн. квартира, 41 м², 3/5 этаж",https://kemerovo.cian.ru/sale/flat/311727086/
199,"4-комн. квартира, 63 м², 2/5 этаж",https://kemerovo.cian.ru/sale/flat/310435856/
200,"3-комн. квартира, 51 м², 2/5 этаж",https://kemerovo.cian.ru/sale/flat/314485684/
201,"2-комн. квартира, 52,6 м², 3/9 этаж",https://kemerovo.cian.ru/sale/flat/312495030/
202,"2-комн. квартира, 51,7 м², 1/5 этаж",https://kemerovo.cian.ru/sale/flat/311167610/
203,"3-комн. квартира, 63,4 м², 4/5 этаж",https://kemerovo.cian.ru/sale/flat/292474195/
204,"3-комн. квартира, 60 м², 1/5 этаж",https://kemerovo.cian.ru/sale/flat/309327381/
205,"2-комн. квартира, 51,6 м², 1/5 этаж",https://kemerovo.cian.ru/sale/flat/310796312/
206,"2-комн. квартира, 42 м², 1/5 этаж",https://kemerovo.cian.ru/sale/flat/313715070/
207,"3-комн. квартира, 61 м², 4/5 этаж",https://kemerovo.cian.ru/sale/flat/312495032/
208,"2-комн. квартира, 52,7 м², 4/5 этаж",https://kemerovo.cian.ru/sale/flat/312907557/
209,"Студия, 25,2 м², 2/3 этаж",https://kemerovo.cian.ru/sale/flat/312927616/
210,"4-комн. квартира, 60 м², 4/5 этаж",https://kemerovo.cian.ru/sale/flat/314030840/
211,"3-комн. квартира, 58,1 м², 2/5 этаж",https://kemerovo.cian.ru/sale/flat/314021624/
212,"1-комн. квартира, 27 м², 1/5 этаж",https://kemerovo.cian.ru/sale/flat/314578477/
213,"2-комн. квартира, 59,7 м², 7/11 этаж",https://kemerovo.cian.ru/sale/flat/313237520/
214,"3-комн. квартира, 52,1 м², 3/5 этаж",https://kemerovo.cian.ru/sale/flat/298590877/
215,"3-комн. квартира, 57 м², 5/5 этаж",https://kemerovo.cian.ru/sale/flat/307565007/
216,"3-комн. квартира, 65,1 м², 5/9 этаж",https://kemerovo.cian.ru/sale/flat/314610778/
217,"1-комн. квартира, 34,6 м², 3/5 этаж",https://kemerovo.cian.ru/sale/flat/305403848/
218,"Студия, 28 м², 1/5 этаж",https://kemerovo.cian.ru/sale/flat/308427702/
219,"2-комн. квартира, 45 м², 4/5 этаж",https://kemerovo.cian.ru/sale/flat/288637847/
220,"2-комн. квартира, 59 м², 1/2 этаж",https://kemerovo.cian.ru/sale/flat/306183972/
221,"1-комн. квартира, 29,8 м², 1/4 этаж",https://kemerovo.cian.ru/sale/flat/312503024/
222,"3-комн. квартира, 60,2 м², 1/2 этаж",https://kemerovo.cian.ru/sale/flat/304541977/
223,"3-комн. квартира, 61 м², 1/5 этаж",https://kemerovo.cian.ru/sale/flat/300164198/
224,"2-комн. квартира, 47 м², 3/4 этаж",https://kemerovo.cian.ru/sale/flat/302882924/
225,"1-комн. квартира, 47 м², 3/5 этаж",https://kemerovo.cian.ru/sale/flat/314128870/
226,"4-комн. квартира, 60,8 м², 4/5 этаж",https://kemerovo.cian.ru/sale/flat/313605401/
227,"3-комн. квартира, 81,2 м², 3/3 этаж",https://kemerovo.cian.ru/sale/flat/301653345/
228,"1-комн. квартира, 28,1 м², 4/5 этаж",https://kemerovo.cian.ru/sale/flat/305080273/
229,"1-комн. квартира, 41,3 м², 5/5 этаж",https://kemerovo.cian.ru/sale/flat/299869902/
230,"1-комн. квартира, 34 м², 2/5 этаж",https://kemerovo.cian.ru/sale/flat/294012119/
231,"3-комн. квартира, 47,1 м², 4/5 этаж",https://kemerovo.cian.ru/sale/flat/310708435/
232,"2-комн. квартира, 46,7 м², 3/5 этаж",https://kemerovo.cian.ru/sale/flat/313974569/
233,"2-комн. квартира, 45,7 м², 3/5 этаж",https://kemerovo.cian.ru/sale/flat/303990788/
234,"3-комн. квартира, 61,4 м², 1/5 этаж",https://kemerovo.cian.ru/sale/flat/314335518/
235,"2-комн. квартира, 43 м², 5/5 этаж",https://kemerovo.cian.ru/sale/flat/305033935/
236,"3-комн. квартира, 84 м², 1/5 этаж",https://kemerovo.cian.ru/sale/flat/312044487/
237,"2-комн. квартира, 52 м², 3/10 этаж",https://kemerovo.cian.ru/sale/flat/310176341/
238,"2-комн. квартира, 54,8 м², 3/5 этаж",https://kemerovo.cian.ru/sale/flat/306091241/
239,"3-комн. квартира, 57,2 м², 3/3 этаж",https://kemerovo.cian.ru/sale/flat/306281603/
240,"3-комн. квартира, 56,2 м², 2/5 этаж",https://kemerovo.cian.ru/sale/flat/304409847/
241,"2-комн. квартира, 52 м², 4/9 этаж",https://kemerovo.cian.ru/sale/flat/314120245/
242,"1-комн. квартира, 34 м², 1/5 этаж",https://kemerovo.cian.ru/sale/flat/311915826/
243,"1-комн. квартира, 37 м², 5/5 этаж",https://kemerovo.cian.ru/sale/flat/305481457/
244,"4-комн. квартира, 76,3 м², 2/9 этаж",https://kemerovo.cian.ru/sale/flat/308917340/
245,"3-комн. квартира, 57,5 м², 4/5 этаж",https://kemerovo.cian.ru/sale/flat/310230532/
246,"1-комн. квартира, 29,5 м², 5/5 этаж",https://kemerovo.cian.ru/sale/flat/302709209/
247,"4-комн. квартира, 86,8 м², 5/5 этаж",https://kemerovo.cian.ru/sale/flat/307703104/
248,"2-комн. квартира, 52,5 м², 6/9 этаж",https://kemerovo.cian.ru/sale/flat/312878696/
249,"2-комн. квартира, 43,5 м², 5/5 этаж",https://kemerovo.cian.ru/sale/flat/291934391/
250,"3-комн. квартира, 61,9 м², 2/3 этаж",https://kemerovo.cian.ru/sale/flat/314610784/
251,"4-комн. квартира, 81 м², 3/4 этаж",https://kemerovo.cian.ru/sale/flat/297289560/
252,"4-комн. квартира, 72 м², 6/9 этаж",https://kemerovo.cian.ru/sale/flat/314335498/
253,"3-комн. квартира, 74,7 м², 1/5 этаж",https://kemerovo.cian.ru/sale/flat/297740224/
254,"1-комн. квартира, 35,9 м², 5/5 этаж",https://kemerovo.cian.ru/sale/flat/304921779/
255,"2-комн. квартира, 49 м², 4/4 этаж",https://kemerovo.cian.ru/sale/flat/312397669/
256,"1-комн. квартира, 32 м², 1/3 этаж",https://kemerovo.cian.ru/sale/flat/307657096/
257,"3-комн. квартира, 64,7 м², 6/9 этаж",https://kemerovo.cian.ru/sale/flat/307946907/
258,"3-комн. квартира, 65 м², 1/10 этаж",https://kemerovo.cian.ru/sale/flat/294239163/
259,"1-комн. квартира, 30 м², 4/5 этаж",https://kemerovo.cian.ru/sale/flat/309581979/
260,"2-комн. квартира, 55,5 м², 3/5 этаж",https://kemerovo.cian.ru/sale/flat/309239854/
261,"2-комн. квартира, 45 м², 5/5 этаж",https://kemerovo.cian.ru/sale/flat/313662850/
262,"3-комн. квартира, 76,6 м², 5/5 этаж",https://kemerovo.cian.ru/sale/flat/292734118/
263,"3-комн. квартира, 64 м², 9/9 этаж",https://kemerovo.cian.ru/sale/flat/309426308/
264,"4-комн. квартира, 60 м², 1/5 этаж",https://kemerovo.cian.ru/sale/flat/310950318/
265,"3-комн. квартира, 60,5 м², 4/5 этаж",https://kemerovo.cian.ru/sale/flat/314566077/
266,"2-комн. квартира, 42,3 м², 5/5 этаж",https://kemerovo.cian.ru/sale/flat/305634603/
267,"1-комн. квартира, 33 м², 8/11 этаж",https://kemerovo.cian.ru/sale/flat/312400242/
268,"1-комн. квартира, 31,4 м², 4/4 этаж",https://kemerovo.cian.ru/sale/flat/310194338/
269,"3-комн. квартира, 89 м², 3/5 этаж",https://kemerovo.cian.ru/sale/flat/307891865/
270,"3-комн. квартира, 59 м², 4/5 этаж",https://kemerovo.cian.ru/sale/flat/314127377/
271,"1-комн. квартира, 34,1 м², 2/5 этаж",https://kemerovo.cian.ru/sale/flat/311160788/
272,"3-комн. квартира, 82 м², 2/3 этаж",https://kemerovo.cian.ru/sale/flat/302508407/
273,"1-комн. квартира, 31 м², 3/5 этаж",https://kemerovo.cian.ru/sale/flat/307510566/
274,"2-комн. квартира, 50,9 м², 8/9 этаж",https://kemerovo.cian.ru/sale/flat/314610776/
275,"3-комн. квартира, 61,5 м², 2/5 этаж",https://kemerovo.cian.ru/sale/flat/265468561/
276,"1-комн. квартира, 30,5 м², 2/2 этаж",https://kemerovo.cian.ru/sale/flat/312501290/
277,"1-комн. квартира, 27,9 м², 3/3 этаж",https://kemerovo.cian.ru/sale/flat/313935791/
278,"2-комн. квартира, 47 м², 1/5 этаж",https://kemerovo.cian.ru/sale/flat/313415588/
279,"1-комн. квартира, 29,9 м², 4/4 этаж",https://kemerovo.cian.ru/sale/flat/313198187/
280,"1-комн. квартира, 29,9 м², 4/4 этаж",https://kemerovo.cian.ru/sale/flat/313198187/
281,"3-комн. квартира, 64 м², 1/5 этаж",https://kemerovo.cian.ru/sale/flat/314351054/
282,"1-комн. квартира, 41,3 м², 5/5 этаж",https://kemerovo.cian.ru/sale/flat/310397861/
283,"2-комн. квартира, 46,9 м², 3/5 этаж",https://kemerovo.cian.ru/sale/flat/306189087/
284,"2-комн. квартира, 45,9 м², 3/5 этаж",https://kemerovo.cian.ru/sale/flat/302563880/
285,"2-комн. квартира, 45 м², 2/5 этаж",https://kemerovo.cian.ru/sale/flat/311121321/
286,"3-комн. квартира, 61 м², 4/5 этаж",https://kemerovo.cian.ru/sale/flat/314402382/
287,"3-комн. квартира, 61,3 м², 2/2 этаж",https://kemerovo.cian.ru/sale/flat/307338888/
288,"3-комн. квартира, 63,9 м², 3/10 этаж",https://kemerovo.cian.ru/sale/flat/306339265/
289,"1-комн. квартира, 34,4 м², 3/4 этаж",https://kemerovo.cian.ru/sale/flat/313605407/
290,"3-комн. квартира, 56 м², 9/9 этаж",https://kemerovo.cian.ru/sale/flat/309427257/
291,"3-комн. квартира, 50 м², 2/5 этаж",https://kemerovo.cian.ru/sale/flat/300044238/
292,"2-комн. квартира, 53 м², 1/5 этаж",https://kemerovo.cian.ru/sale/flat/303989654/
293,"2-комн. квартира, 50 м², 1/9 этаж",https://kemerovo.cian.ru/sale/flat/307250591/
294,"2-комн. квартира, 43,2 м², 2/5 этаж",https://kemerovo.cian.ru/sale/flat/308314949/
295,"2-комн. квартира, 42 м², 1/3 этаж",https://kemerovo.cian.ru/sale/flat/282761005/
296,"2-комн. квартира, 50,9 м², 1/5 этаж",https://kemerovo.cian.ru/sale/flat/302899189/
297,"2-комн. квартира, 44,7 м², 2/2 этаж",https://kemerovo.cian.ru/sale/flat/313954844/
298,"2-комн. квартира, 41,8 м², 4/5 этаж",https://kemerovo.cian.ru/sale/flat/303502498/
299,"2-комн. квартира, 42 м², 2/5 этаж",https://kemerovo.cian.ru/sale/flat/311298184/
300,"1-комн. квартира, 20,5 м², 5/5 этаж",https://kemerovo.cian.ru/sale/flat/313605412/
301,"2-комн. квартира, 50 м², 1/5 этаж",https://kemerovo.cian.ru/sale/flat/304405285/
302,"3-комн. квартира, 81,7 м², 1/9 этаж",https://kemerovo.cian.ru/sale/flat/306812427/
303,"4-комн. квартира, 77 м², 5/9 этаж",https://kemerovo.cian.ru/sale/flat/309507112/
304,"2-комн. квартира, 58,2 м², 3/3 этаж",https://kemerovo.cian.ru/sale/flat/310192248/
305,"3-комн. квартира, 52 м², 2/3 этаж",https://kemerovo.cian.ru/sale/flat/296699578/
306,"3-комн. квартира, 50 м², 2/5 этаж",https://kemerovo.cian.ru/sale/flat/313324455/
307,"1-комн. квартира, 30,5 м², 4/5 этаж",https://kemerovo.cian.ru/sale/flat/294191448/
308,"2-комн. квартира, 44,9 м², 4/5 этаж",https://kemerovo.cian.ru/sale/flat/307006592/
309,"3-комн. квартира, 56 м², 9/9 этаж",https://kemerovo.cian.ru/sale/flat/309427257/
310,"2-комн. квартира, 43,1 м², 4/4 этаж",https://kemerovo.cian.ru/sale/flat/305748555/
311,"4-комн. квартира, 60 м², 2/5 этаж",https://kemerovo.cian.ru/sale/flat/309600619/
312,"2-комн. квартира, 45 м², 5/5 этаж",https://kemerovo.cian.ru/sale/flat/311362056/
313,"3-комн. квартира, 61,9 м², 2/5 этаж",https://kemerovo.cian.ru/sale/flat/306397939/
314,"2-комн. квартира, 44,7 м², 2/5 этаж",https://kemerovo.cian.ru/sale/flat/299869976/
315,"2-комн. квартира, 52,2 м², 1/5 этаж",https://kemerovo.cian.ru/sale/flat/294235904/
316,"3-комн. квартира, 58,1 м², 1/5 этаж",https://kemerovo.cian.ru/sale/flat/294241423/
317,"3-комн. квартира, 61,5 м², 2/5 этаж",https://kemerovo.cian.ru/sale/flat/265468561/
318,"2-комн. квартира, 44 м², 5/5 этаж",https://kemerovo.cian.ru/sale/flat/305480701/
319,"2-комн. квартира, 44,9 м², 5/5 этаж",https://kemerovo.cian.ru/sale/flat/294238433/
320,"2-комн. квартира, 45 м², 2/5 этаж",https://kemerovo.cian.ru/sale/flat/311121321/
321,"2-комн. квартира, 51,4 м², 5/5 этаж",https://kemerovo.cian.ru/sale/flat/294286978/
322,"2-комн. квартира, 44,9 м², 5/5 этаж",https://kemerovo.cian.ru/sale/flat/288634068/
323,"3-комн. квартира, 64,5 м², 3/5 этаж",https://kemerovo.cian.ru/sale/flat/311119821/
324,"4-комн. квартира, 60 м², 1/5 этаж",https://kemerovo.cian.ru/sale/flat/300836622/
325,"2-комн. квартира, 44 м², 5/5 этаж",https://kemerovo.cian.ru/sale/flat/307385568/
326,"1-комн. квартира, 37 м², 8/9 этаж",https://kemerovo.cian.ru/sale/flat/310441542/
327,"2-комн. квартира, 51,1 м², 8/10 этаж",https://kemerovo.cian.ru/sale/flat/311890066/
328,"3-комн. квартира, 64 м², 1/5 этаж",https://kemerovo.cian.ru/sale/flat/313502661/
329,"2-комн. квартира, 42 м², 2/5 этаж",https://kemerovo.cian.ru/sale/flat/310678180/
330,"3-комн. квартира, 52 м², 2/3 этаж",https://kemerovo.cian.ru/sale/flat/296699578/
331,"2-комн. квартира, 43,7 м², 1/5 этаж",https://kemerovo.cian.ru/sale/flat/307753521/
332,"3-комн. квартира, 56,2 м², 2/5 этаж",https://kemerovo.cian.ru/sale/flat/304409847/
333,"2-комн. квартира, 43 м², 1/5 этаж",https://kemerovo.cian.ru/sale/flat/308371751/
334,"4-комн. квартира, 60,5 м², 1/5 этаж",https://kemerovo.cian.ru/sale/flat/294254376/
335,"2-комн. квартира, 47,7 м², 3/5 этаж",https://kemerovo.cian.ru/sale/flat/294284859/
336,"4-комн. квартира, 60,9 м², 3/5 этаж",https://kemerovo.cian.ru/sale/flat/313662842/
337,"3-комн. квартира, 50 м², 2/2 этаж",https://kemerovo.cian.ru/sale/flat/294980974/
338,"2-комн. квартира, 42,3 м², 3/4 этаж",https://kemerovo.cian.ru/sale/flat/311959082/
339,"1-комн. квартира, 31,8 м², 4/5 этаж",https://kemerovo.cian.ru/sale/flat/311121038/
340,"2-комн. квартира, 44 м², 2/5 этаж",https://kemerovo.cian.ru/sale/flat/311723055/
341,"3-комн. квартира, 61,4 м², 4/5 этаж",https://kemerovo.cian.ru/sale/flat/303170671/
342,"2-комн. квартира, 49,5 м², 3/5 этаж",https://kemerovo.cian.ru/sale/flat/298591068/
343,"Своб. планировка, 60,6 м², 1/2 этаж",https://kemerovo.cian.ru/sale/flat/314536357/
344,"2-комн. квартира, 41,9 м², 2/3 этаж",https://kemerovo.cian.ru/sale/flat/313013679/
345,"1-комн. квартира, 30,9 м², 5/5 этаж",https://kemerovo.cian.ru/sale/flat/309066779/
346,"2-комн. квартира, 43,3 м², 5/5 этаж",https://kemerovo.cian.ru/sale/flat/294235602/
347,"2-комн. квартира, 42 м², 2/5 этаж",https://kemerovo.cian.ru/sale/flat/310678180/
348,"2-комн. квартира, 43,3 м², 5/5 этаж",https://kemerovo.cian.ru/sale/flat/305481245/
349,"2-комн. квартира, 47,3 м², 5/5 этаж",https://kemerovo.cian.ru/sale/flat/294197859/
350,"3-комн. квартира, 71,2 м², 3/5 этаж",https://kemerovo.cian.ru/sale/flat/306812544/
351,"4-комн. квартира, 86,5 м², 9/9 этаж",https://kemerovo.cian.ru/sale/flat/312205059/
352,"2-комн. квартира, 49,7 м², 9/9 этаж",https://kemerovo.cian.ru/sale/flat/309352252/
353,"3-комн. квартира, 47,1 м², 4/5 этаж",https://kemerovo.cian.ru/sale/flat/301883454/
354,"1-комн. квартира, 37 м², 8/9 этаж",https://kemerovo.cian.ru/sale/flat/310441542/
355,"3-комн. квартира, 58,7 м², 5/5 этаж",https://kemerovo.cian.ru/sale/flat/312592706/
356,"2-комн. квартира, 50,3 м², 8/9 этаж",https://kemerovo.cian.ru/sale/flat/309599154/
357,"3-комн. квартира, 74,7 м², 1/5 этаж",https://kemerovo.cian.ru/sale/flat/310398540/
358,"3-комн. квартира, 60,3 м², 3/5 этаж",https://kemerovo.cian.ru/sale/flat/307278751/
359,"2-комн. квартира, 51 м², 4/5 этаж",https://kemerovo.cian.ru/sale/flat/309282612/
360,"2-комн. квартира, 44,9 м², 5/5 этаж",https://kemerovo.cian.ru/sale/flat/294238433/
361,"2-комн. квартира, 44 м², 2/5 этаж",https://kemerovo.cian.ru/sale/flat/313846912/
362,"2-комн. квартира, 51,7 м², 1/5 этаж",https://kemerovo.cian.ru/sale/flat/306919489/
363,"3-комн. квартира, 64,2 м², 1/9 этаж",https://kemerovo.cian.ru/sale/flat/313206446/
364,"4-комн. квартира, 76,2 м², 5/9 этаж",https://kemerovo.cian.ru/sale/flat/304706752/
365,"3-комн. квартира, 80 м², 2/3 этаж",https://kemerovo.cian.ru/sale/flat/312189720/
366,"2-комн. квартира, 44,9 м², 5/5 этаж",https://kemerovo.cian.ru/sale/flat/288634068/
367,"2-комн. квартира, 42,6 м², 4/4 этаж",https://kemerovo.cian.ru/sale/flat/313614531/
368,"4-комн. квартира, 61,1 м², 5/5 этаж",https://kemerovo.cian.ru/sale/flat/310397183/
369,"3-комн. квартира, 65,1 м², 7/9 этаж",https://kemerovo.cian.ru/sale/flat/312495033/
370,"2-комн. квартира, 44 м², 1/5 этаж",https://kemerovo.cian.ru/sale/flat/307670118/
371,"2-комн. квартира, 51,4 м², 5/5 этаж",https://kemerovo.cian.ru/sale/flat/289021921/
372,"2-комн. квартира, 42 м², 1/3 этаж",https://kemerovo.cian.ru/sale/flat/294238695/
373,"2-комн. квартира, 63 м², 6/9 этаж",https://kemerovo.cian.ru/sale/flat/305757374/
374,"3-комн. квартира, 56,3 м², 2/4 этаж",https://kemerovo.cian.ru/sale/flat/307374602/
375,"2-комн. квартира, 50 м², 1/5 этаж",https://kemerovo.cian.ru/sale/flat/312435524/
376,"3-комн. квартира, 62 м², 4/5 этаж",https://kemerovo.cian.ru/sale/flat/313928477/
377,"2-комн. квартира, 44,1 м², 1/4 этаж",https://kemerovo.cian.ru/sale/flat/303051213/
378,"3-комн. квартира, 64 м², 3/5 этаж",https://kemerovo.cian.ru/sale/flat/291939604/
379,"2-комн. квартира, 43,7 м², 1/5 этаж",https://kemerovo.cian.ru/sale/flat/307753521/
380,"2-комн. квартира, 53 м², 4/5 этаж",https://kemerovo.cian.ru/sale/flat/303553465/
381,"4-комн. квартира, 60,5 м², 1/5 этаж",https://kemerovo.cian.ru/sale/flat/294254376/
382,"2-комн. квартира, 40 м², 5/5 этаж",https://kemerovo.cian.ru/sale/flat/311222278/
383,"2-комн. квартира, 49 м², 1/5 этаж",https://kemerovo.cian.ru/sale/flat/303311864/
384,"1-комн. квартира, 30 м², 1/3 этаж",https://kemerovo.cian.ru/sale/flat/313615246/
385,"3-комн. квартира, 60,8 м², 1/5 этаж",https://kemerovo.cian.ru/sale/flat/307374593/
386,"3-комн. квартира, 58,8 м², 5/5 этаж",https://kemerovo.cian.ru/sale/flat/305403002/
387,"2-комн. квартира, 47,9 м², 1/5 этаж",https://kemerovo.cian.ru/sale/flat/312953222/
388,"3-комн. квартира, 52,2 м², 9/9 этаж",https://kemerovo.cian.ru/sale/flat/313730910/
389,"2-комн. квартира, 48,8 м², 1/5 этаж",https://kemerovo.cian.ru/sale/flat/312842615/
390,"2-комн. квартира, 44 м², 2/5 этаж",https://kemerovo.cian.ru/sale/flat/313159024/
391,"3-комн. квартира, 58,1 м², 5/5 этаж",https://kemerovo.cian.ru/sale/flat/311312704/
392,"2-комн. квартира, 52,2 м², 1/5 этаж",https://kemerovo.cian.ru/sale/flat/294235904/
393,"3-комн. квартира, 58,8 м², 5/5 этаж",https://kemerovo.cian.ru/sale/flat/310392288/
394,"2-комн. квартира, 52 м², 1/5 этаж",https://kemerovo.cian.ru/sale/flat/314491255/
395,"2-комн. квартира, 51,4 м², 5/5 этаж",https://kemerovo.cian.ru/sale/flat/294235564/
396,"3-комн. квартира, 60 м², 4/5 этаж",https://kemerovo.cian.ru/sale/flat/305403469/
397,"1-комн. квартира, 30 м², 3/5 этаж",https://kemerovo.cian.ru/sale/flat/312252449/
398,"3-комн. квартира, 60 м², 4/5 этаж",https://kemerovo.cian.ru/sale/flat/310392236/
399,"3-комн. квартира, 50 м², 2/2 этаж",https://kemerovo.cian.ru/sale/flat/288293731/
400,"3-комн. квартира, 58,4 м², 2/5 этаж",https://kemerovo.cian.ru/sale/flat/306693204/
401,"2-комн. квартира, 40 м², 3/4 этаж",https://kemerovo.cian.ru/sale/flat/311098507/
402,"3-комн. квартира, 61,9 м², 2/5 этаж",https://kemerovo.cian.ru/sale/flat/306397939/
403,"2-комн. квартира, 56,9 м², 4/5 этаж",https://kemerovo.cian.ru/sale/flat/310236644/
404,"4-комн. квартира, 75,9 м², 1/10 этаж",https://kemerovo.cian.ru/sale/flat/302424774/
405,"2-комн. квартира, 44 м², 5/5 этаж",https://kemerovo.cian.ru/sale/flat/270214386/
406,"3-комн. квартира, 58 м², 2/5 этаж",https://kemerovo.cian.ru/sale/flat/311222330/
407,"3-комн. квартира, 61,1 м², 1/5 этаж",https://kemerovo.cian.ru/sale/flat/312210843/
408,"2-комн. квартира, 54,8 м², 4/9 этаж",https://kemerovo.cian.ru/sale/flat/312534234/
409,"3-комн. квартира, 52,3 м², 3/4 этаж",https://kemerovo.cian.ru/sale/flat/313662854/
410,"2-комн. квартира, 49,7 м², 9/9 этаж",https://kemerovo.cian.ru/sale/flat/309007606/
411,"1/2 квартиры, 52,4 м², 5/5 этаж",https://kemerovo.cian.ru/sale/flat/312255613/
412,"1-комн. квартира, 30,5 м², 5/5 этаж",https://kemerovo.cian.ru/sale/flat/313269541/
413,"4-комн. квартира, 89 м², 4/4 этаж",https://kemerovo.cian.ru/sale/flat/311222285/
414,"3-комн. квартира, 58 м², 2/4 этаж",https://kemerovo.cian.ru/sale/flat/311222316/
415,"3-комн. квартира, 52 м², 3/4 этаж",https://kemerovo.cian.ru/sale/flat/311222275/
416,"2-комн. квартира, 41,9 м², 5/5 этаж",https://kemerovo.cian.ru/sale/flat/312051547/
417,"3-комн. квартира, 63,3 м², 2/5 этаж",https://kemerovo.cian.ru/sale/flat/312320044/
418,"2-комн. квартира, 41 м², 2/3 этаж",https://kemerovo.cian.ru/sale/flat/312266243/
419,"4-комн. квартира, 92 м², 4/4 этаж",https://kemerovo.cian.ru/sale/flat/287653935/
420,"3-комн. квартира, 82 м², 2/3 этаж",https://kemerovo.cian.ru/sale/flat/302508407/
421,"4-комн. квартира, 83,9 м², 11/12 этаж",https://kemerovo.cian.ru/sale/flat/293634076/
422,"3-комн. квартира, 64,8 м², 1/5 этаж",https://kemerovo.cian.ru/sale/flat/304654609/
423,"3-комн. квартира, 64 м², 5/5 этаж",https://kemerovo.cian.ru/sale/flat/298979223/
424,"4-комн. квартира, 82,1 м², 5/5 этаж",https://kemerovo.cian.ru/sale/flat/307284498/
425,"4-комн. квартира, 76 м², 2/9 этаж",https://kemerovo.cian.ru/sale/flat/307707692/
426,"4-комн. квартира, 72,96 м², 1/5 этаж",https://kemerovo.cian.ru/sale/flat/310187512/
427,"3-комн. квартира, 65 м², 9/9 этаж",https://kemerovo.cian.ru/sale/flat/308532656/
428,"4-комн. квартира, 61,1 м², 5/5 этаж",https://kemerovo.cian.ru/sale/flat/307515276/
429,"2-комн. квартира, 52,2 м², 2/5 этаж",https://kemerovo.cian.ru/sale/flat/305569054/
430,"2-комн. квартира, 68,8 м², 2/9 этаж",https://kemerovo.cian.ru/sale/flat/309623105/
431,"3-комн. квартира, 64 м², 2/5 этаж",https://kemerovo.cian.ru/sale/flat/295876375/
432,"3-комн. квартира, 52,3 м², 7/9 этаж",https://kemerovo.cian.ru/sale/flat/311698214/
433,"2-комн. квартира, 52 м², 3/5 этаж",https://kemerovo.cian.ru/sale/flat/307514704/
434,"3-комн. квартира, 64 м², 3/5 этаж",https://kemerovo.cian.ru/sale/flat/308826005/
435,"4-комн. квартира, 76 м², 9/9 этаж",https://kemerovo.cian.ru/sale/flat/311246147/
436,"3-комн. квартира, 64 м², 5/5 этаж",https://kemerovo.cian.ru/sale/flat/219562480/
437,"4-комн. квартира, 76 м², 9/9 этаж",https://kemerovo.cian.ru/sale/flat/307515336/
438,"4-комн. квартира, 76 м², 9/9 этаж",https://kemerovo.cian.ru/sale/flat/294253772/
439,"2-комн. квартира, 54 м², 3/5 этаж",https://kemerovo.cian.ru/sale/flat/313826412/
440,"2-комн. квартира, 52 м², 2/5 этаж",https://kemerovo.cian.ru/sale/flat/298037477/
441,"5-комн. квартира, 95,3 м², 6/9 этаж",https://kemerovo.cian.ru/sale/flat/294254976/
442,"2-комн. квартира, 52,2 м², 2/5 этаж",https://kemerovo.cian.ru/sale/flat/310392155/
443,"3-комн. квартира, 64,9 м², 2/5 этаж",https://kemerovo.cian.ru/sale/flat/307384322/
444,"4-комн. квартира, 76,9 м², 7/9 этаж",https://kemerovo.cian.ru/sale/flat/300959025/
445,"3-комн. квартира, 61,9 м², 9/9 этаж",https://kemerovo.cian.ru/sale/flat/303592373/
446,"4-комн. квартира, 77 м², 2/9 этаж",https://kemerovo.cian.ru/sale/flat/309505277/
447,"4-комн. квартира, 76 м², 5/5 этаж",https://kemerovo.cian.ru/sale/flat/313615642/
448,"4-комн. квартира, 76 м², 5/5 этаж",https://kemerovo.cian.ru/sale/flat/312699496/
449,"4-комн. квартира, 76,1 м², 9/10 этаж",https://kemerovo.cian.ru/sale/flat/303075033/
450,"3-комн. квартира, 64,4 м², 5/9 этаж",https://kemerovo.cian.ru/sale/flat/312085542/
451,"4-комн. квартира, 76,9 м², 8/10 этаж",https://kemerovo.cian.ru/sale/flat/294765850/
452,"3-комн. квартира, 64,3 м², 7/9 этаж",https://kemerovo.cian.ru/sale/flat/312640412/
453,"3-комн. квартира, 65,3 м², 4/9 этаж",https://kemerovo.cian.ru/sale/flat/310855395/
454,"3-комн. квартира, 64 м², 8/9 этаж",https://kemerovo.cian.ru/sale/flat/313076783/
455,"4-комн. квартира, 77,1 м², 2/5 этаж",https://kemerovo.cian.ru/sale/flat/311985530/
456,"4-комн. квартира, 77,1 м², 9/9 этаж",https://kemerovo.cian.ru/sale/flat/313028859/
457,"4-комн. квартира, 75 м², 9/10 этаж",https://kemerovo.cian.ru/sale/flat/309021446/
458,"4-комн. квартира, 77,2 м², 8/9 этаж",https://kemerovo.cian.ru/sale/flat/303878913/
459,"2-комн. квартира, 74 м², 4/9 этаж",https://kemerovo.cian.ru/sale/flat/313987903/
460,"3-комн. квартира, 80,6 м², 3/5 этаж",https://kemerovo.cian.ru/sale/flat/310708191/
461,"2-комн. квартира, 57,9 м², 1/2 этаж",https://kemerovo.cian.ru/sale/flat/313621363/
462,"1-комн. квартира, 30,8 м², 4/4 этаж",https://kemerovo.cian.ru/sale/flat/313710494/
463,"1-комн. квартира, 32,8 м², 2/9 этаж",https://kemerovo.cian.ru/sale/flat/314104916/
464,"2-комн. квартира, 45 м², 4/5 этаж",https://kemerovo.cian.ru/sale/flat/314085239/
465,"2-комн. квартира, 39,9 м², 4/4 этаж",https://kemerovo.cian.ru/sale/flat/314055844/
466,"2-комн. квартира, 48,6 м², 3/5 этаж",https://kemerovo.cian.ru/sale/flat/314061636/
467,"1-комн. квартира, 30,3 м², 5/5 этаж",https://kemerovo.cian.ru/sale/flat/314725660/
468,"3-комн. квартира, 81,2 м², 3/3 этаж",https://kemerovo.cian.ru/sale/flat/314740445/
469,"2-комн. квартира, 42,6 м², 1/5 этаж",https://kemerovo.cian.ru/sale/flat/313732188/
470,"2-комн. квартира, 41,8 м², 2/5 этаж",https://kemerovo.cian.ru/sale/flat/313467913/
471,"2-комн. квартира, 43,7 м², 4/5 этаж",https://kemerovo.cian.ru/sale/flat/314425956/
472,"2-комн. квартира, 48,9 м², 2/5 этаж",https://kemerovo.cian.ru/sale/flat/313953598/
473,"2-комн. квартира, 54,9 м², 1/9 этаж",https://kemerovo.cian.ru/sale/flat/314343128/
474,"2-комн. квартира, 41,6 м², 3/5 этаж",https://kemerovo.cian.ru/sale/flat/314446638/
475,"2-комн. квартира, 51 м², 4/5 этаж",https://kemerovo.cian.ru/sale/flat/314063285/
476,"1-комн. квартира, 43 м², 2/9 этаж",https://kemerovo.cian.ru/sale/flat/313592175/
477,"2-комн. квартира, 51 м², 8/9 этаж",https://kemerovo.cian.ru/sale/flat/314285008/
478,"2-комн. квартира, 51 м², 3/5 этаж",https://kemerovo.cian.ru/sale/flat/314683524/
479,"3-комн. квартира, 64,9 м², 8/9 этаж",https://kemerovo.cian.ru/sale/flat/314119834/
480,"4-комн. квартира, 76,1 м², 2/9 этаж",https://kemerovo.cian.ru/sale/flat/314618574/
481,"3-комн. квартира, 73 м², 4/5 этаж",https://kemerovo.cian.ru/sale/flat/314442290/
482,"4-комн. квартира, 82,4 м², 7/9 этаж",https://kemerovo.cian.ru/sale/flat/313806030/
483,"4-комн. квартира, 89 м², 2/9 этаж",https://kemerovo.cian.ru/sale/flat/314089119/
484,"4-комн. квартира, 90 м², 10/10 этаж",https://kemerovo.cian.ru/sale/flat/314168362/
485,"3-комн. квартира, 63 м², 3/5 этаж",https://kemerovo.cian.ru/sale/flat/313213754/
486,"2-комн. квартира, 54 м², 3/9 этаж",https://kemerovo.cian.ru/sale/flat/311215591/
